method,size,shape,initial_previous_us,previous_us,candidate_us,speedup,repeat_previous_us,repeat_candidate_us,repeat_speedup,previous_bytes,candidate_bytes,native_us
Filter,32,array,0.39821556031406136,0.37744982290436835,0.16548,2.2809392247061178,0.3496765847347995,0.133,2.629147253645109,432,272,0.16551
FilterIndexed,32,array,0.34065599999999996,0.37693436010267695,0.3278073368804256,1.1498655389771566,0.32836,0.26479172777940746,1.2400689506189935,344,368,0.43101924076963083
Map,32,array,0.6033440891757114,0.6837387964148528,0.265575,2.5745600919320446,0.5160164271047228,0.104745,4.926406292469548,656,200,0.14194500000000002
MapIndexed,32,array,0.5610590321763365,0.5862333333333334,0.5720163209792587,1.0248542075333376,0.4762731188244236,0.45233,1.0529328561546296,568,552,0.5731939518387157
Reduce,32,array,0.17433333333333334,0.20823000000000003,0.150305,1.3853830544559398,0.1698,0.12477,1.3609040634767973,120,32,0.1483
ReduceIndexed,32,array,0.1361574462978519,0.15788687698338622,0.15594,1.0124847825021561,0.132825,0.13355,0.994571321602396,32,32,
ForEach,32,array,0.17717072455265476,0.218952,0.10883499999999999,2.0117792989387606,0.1733349333973359,0.08977,1.9308781708514637,208,88,
ForEachIndexed,32,array,0.14439533038648986,0.172675,0.17109000000000002,1.0092641299900635,0.14107999999999998,0.1411,0.9998582565556342,120,120,
Concat,32,array,0.09432943294329434,0.11990879635185409,0.0999,1.200288251770311,0.07863333333333333,0.08274,0.9503666102650875,560,560,0.19390898483080513
Slice,32,array,0.1700506057353167,0.2280158444364422,0.11532,1.977244575411396,0.16396,0.095555,1.7158704411072156,312,200,0.106725
ToRecord,32,array,0.4975452678738099,0.4684659090909091,0.37944553346401566,1.2346064659510234,0.44445333333333337,0.311792314461719,1.425478797001913,1688,928,0.32921066666666665
ToRecordIndexed,32,array,0.4323066666666667,0.5329346507193621,0.38930400000000004,1.3689421396116197,0.4436132834636745,0.31900799999999996,1.3906023781963919,1600,904,
ReduceIndexedTypedArray,32,array,,0.1586901444134786,0.053475,2.9675576327906232,0.132112,0.04678,2.824112868747328,32,0,
ForEachIndexedTypedArray,32,array,,0.16749003293465073,0.111055,1.5081719232330892,0.14286,0.08972999999999999,1.5921096623202942,120,88,
FilterAsync,32,array,2.9525,3.3865,3.2075,1.0558067030397504,2.1630000000000003,1.9835,1.0904965969246283,,,
ConcatAsync,32,array,2.835,2.8435,2.9625,0.9598312236286921,1.5475,1.6015000000000001,0.9662816109896971,,,
ForEachAsync,32,array,1.8395,2.728,1.9169999999999998,1.4230568596765782,1.5575,1.4405000000000001,1.0812217979868102,,,
FilterParallel,32,array,4.971,5.07,5.577952755905511,0.9089356295878036,3.218,3.445,0.9341074020319303,,,
FilterParallelCpu,32,array,12.299000000000001,12.519285714285715,13.121500000000001,0.9541047680742075,8.4245,8.9165,0.9448213985308137,,,
FilterParallelAsync,32,array,20.024342105263155,20.6145,22.511,0.915752298876105,8.993500000000001,6.399,1.4054539771839352,,,
ForEachParallel,32,array,3.736,3.2735000000000003,3.575,0.9156643356643357,2.1725,2.2735,0.9555751044644821,,,
ToDictionaryParallel,32,array,7.4879999999999995,8.75,7.7515,1.1288137779784557,5.3075,5.1514999999999995,1.0302824420071826,,,
Filter,32,list,0.5041067761806981,0.6095709570957095,0.19321,3.1549658770027924,0.48352,0.15936,3.034136546184739,440,296,0.19425
FilterIndexed,32,list,0.47550719709849254,0.5633386666666667,0.3817952718108724,1.475499327151763,0.45216,0.3109144365774631,1.45429078487755,352,368,0.6220100000000001
Map,32,list,0.76512,0.8453079785035138,0.11361600000000001,7.440043466620139,0.7124725791287998,0.100515,7.088221450816294,664,224,0.12455999999999999
MapIndexed,32,list,0.728982898289829,0.852224,0.8570428451414169,0.9943773579480477,0.712222051832541,0.6865066666666667,1.037458318199203,576,560,0.82568
Reduce,32,list,0.33541333333333334,0.389,0.33530541221648863,1.1601363587559501,0.3233206218832502,0.2795626666666667,1.1565228853277387,128,40,0.3301872074882995
ReduceIndexed,32,list,0.30373548275264345,0.3428424757993547,0.3444917796711869,0.9952123563778316,0.28971225515687293,0.29626785071402856,0.9778727406927342,40,40,
ForEach,32,list,0.34252036748136594,0.39808800000000005,0.103425,3.8490500362581583,0.328600762687005,0.08696,3.778757620595734,216,88,
ForEachIndexed,32,list,0.30824,0.36432000000000003,0.3819332773310933,0.9538838892118203,0.3022666666666667,0.2965978639145566,1.0191127565023297,128,128,
Concat,32,list,0.1358094323772951,0.167175,0.172825,0.9673079704903803,0.12864533333333333,0.1323,0.9723759133282943,592,592,0.14698
Slice,32,list,0.28103333333333336,0.3140525621024841,0.09252,3.3944289029667543,0.2649765990639626,0.075975,3.4876814618488,312,200,0.08603999999999999
ToRecord,32,list,0.6935746051219138,0.8927235634138049,0.5973166666666667,1.494556594905781,0.6809152366094643,0.45887,1.483895736503725,1696,936,0.342275
ToRecordIndexed,32,list,0.650777354062775,0.791097095922558,0.5842,1.3541545633730878,0.6198,0.4558,1.359806932865292,1608,912,
Filter,32,iterator,0.4759945596735804,0.54506,0.4033901356054242,1.3511981377084294,0.44618,0.3233349333973359,1.3799313155306476,456,336,0.40355814232569304
FilterIndexed,32,iterator,0.42562,0.498273287287661,0.47266400000000003,1.0541807442235096,0.41067,0.38995199999999997,1.0531296159527326,368,424,0.5571495239873063
Map,32,iterator,0.7395644839748504,0.9112952158693116,0.3947217888715549,2.308702588915995,0.6842666062117434,0.320272,2.1365171048725564,680,560,0.4010740429617185
MapIndexed,32,iterator,0.705904,0.8038504620554467,0.785951355459843,1.0227738096909718,0.6406360424028269,0.6536356726627819,0.9801118102887545,592,576,0.7778059285533316
Reduce,32,iterator,0.28564,0.32366666666666666,0.271505,1.192120464325396,0.27282194191845116,0.232225,1.174817275997206,144,56,0.2788373333333333
ReduceIndexed,32,iterator,0.24814461718979172,0.28218666666666664,0.28457333333333334,0.9916131752799512,0.25256,0.242885,1.0398336661382959,56,56,
ForEach,32,iterator,0.30791287767673803,0.33542666666666665,0.22576,1.4857665957949444,0.32116456438838364,0.19555999999999998,1.642281470588994,232,144,
ForEachIndexed,32,iterator,0.26777999999999996,0.31161646465858633,0.3054,1.0203551560530004,0.24723733333333334,0.254,0.9733753280839895,144,144,
Concat,32,iterator,0.8604320432043204,1.007648,0.5207765540414412,1.934895094988888,0.7912524002560273,0.4356300918703415,1.8163400899576312,904,744,0.50130005200208
Slice,32,iterator,1.1050408401400234,1.2196123147092361,0.21889,5.571804626566934,1.0552392065344223,0.1795,5.878769952838008,928,424,0.20426666666666668
ToRecord,32,iterator,0.6356093235368634,0.7871986345210156,0.771047227926078,1.0209473635465633,0.600704,0.6157013333333333,0.9756418696510862,1712,1704,0.4822635135135135
ToRecordIndexed,32,iterator,0.6346465670129212,0.70464,0.73697,0.9561311858013216,0.5812672506900276,0.58244,0.9979864890632986,1624,1624,
Filter,1000,array,8.163974151857834,9.631578947368421,2.8028882575757574,3.436305004787761,7.9144,2.275205895101864,3.4785423231534223,3968,3808,2.7515192135835567
FilterIndexed,1000,array,7.565490797546012,8.417289719626169,4.615882352941177,1.823549448625524,7.180571428571428,4.073008507347254,1.7629649964193486,3880,3904,7.149681528662421
Map,1000,array,10.768484848484848,12.550799999999999,2.2726283577014623,5.522592357640862,10.411568627450979,1.8606796116504853,5.595573016579446,8704,4072,2.2279151943462896
MapIndexed,1000,array,10.224308300395258,12.109016393442623,11.268301886792452,1.0746088022043117,9.82389210019268,9.130754716981132,1.0759123867299238,8616,8600,10.27621359223301
Reduce,1000,array,4.308759757155247,4.851215121512151,3.7921768707482992,1.2792692131353238,4.194796183868171,3.237769328263625,1.2955821612275842,120,32,3.802312925170068
ReduceIndexed,1000,array,3.648936170212766,4.131014063656551,4.105575935436537,1.0061959950613626,3.492362598144183,3.489010989010989,1.000960618680695,32,32,
ForEach,1000,array,4.34174672489083,4.894709453599306,2.7620253164556963,1.7721450359044235,4.22311600338696,2.3980859010270774,1.7610361670439911,208,88,
ForEachIndexed,1000,array,3.63353428786737,4.013323464100666,4.08185212845407,0.9832113799822146,3.4980014275517486,3.5048076923076925,0.9980580204811573,120,120,
Concat,1000,array,1.1202981452591436,1.518619972260749,1.534361997226075,0.9897403448509638,1.0191176470588235,0.9963598543941757,1.0228409370011051,16048,16048,0.832511100148002
Slice,1000,array,0.18418666666666667,0.20829,0.12608,1.6520463197969544,0.17701,0.103065,1.7174598554310385,312,200,0.09858
ToRecord,1000,array,14.163829787234043,18.706303724928368,10.492344497607656,1.7828526054585385,14.193601895734597,7.894868238557558,1.797826317913047,73288,22248,8.795460277427491
ToRecordIndexed,1000,array,14.76648501362398,17.747169811320756,10.041717791411042,1.7673440122466297,12.945124716553288,7.758698727015558,1.6684659595659705,73200,22224,
ReduceIndexedTypedArray,1000,array,,4.105424696645254,1.5329599551946234,2.678103027240547,3.496113074204947,1.3048897897137066,2.679240118027129,32,0,
ForEachIndexedTypedArray,1000,array,,4.042843419788665,2.791956782713085,1.4480322348901227,3.5017130620985006,2.361624649859944,1.4827559757670083,120,88,
FilterAsync,1000,array,12.575882352941177,12.251,7.54,1.6248010610079575,9.6525,4.544,2.124229753521127,,,
ConcatAsync,1000,array,4.946000000000001,5.106,5.281528662420382,0.9667655571635311,3.236,3.2739999999999996,0.9883934025656691,,,
ForEachAsync,1000,array,10.2475,9.552999999999999,6.576499999999999,1.4525963658480956,5.921,3.8335000000000004,1.5445415416721011,,,
FilterParallel,1000,array,19.503,23.576,24.59702380952381,0.9584899450669119,13.450999999999999,12.8595,1.045997122749718,,,
FilterParallelCpu,1000,array,62.91287128712871,71.6925,73.9673076923077,0.9692457686607907,53.09069767441861,53.53181818181818,0.9917596576693635,,,
FilterParallelAsync,1000,array,34.47218045112782,36.35419847328244,37.703676470588235,0.9642083180307763,21.055500000000002,21.7775,0.9668465158994376,,,
ForEachParallel,1000,array,53.333333333333336,59.83181818181818,58.31578947368421,1.0259968821791925,47.7344537815126,48.518,0.98385040153165,,,
ToDictionaryParallel,1000,array,138.9469387755102,144.77872340425532,51.83737373737373,2.7929409413708917,93.91818181818181,39.72802547770701,2.364028433048682,,,
Filter,1000,list,10.11299790356394,12.16369294605809,2.8345578231292516,4.291213552535613,10.018446601941747,2.333978873239437,4.29243242807793,3976,3832,2.825256769374416
FilterIndexed,1000,list,9.800562851782363,10.877467411545624,6.659765208110993,1.6333109459020942,9.467706422018347,5.488653234358431,1.7249598431089495,3888,3904,12.988069414316703
Map,1000,list,16.618506493506494,18.179605263157896,2.031196319018405,8.950196046014579,15.544615384615385,1.566846684668467,9.920954957953981,8712,4096,1.9421666666666666
MapIndexed,1000,list,16.123809523809523,18.806024096385542,17.588825214899714,1.0692029664638842,15.358160237388724,14.360224089635855,1.069493076258685,8624,8608,17.01551724137931
Reduce,1000,list,9.133513513513515,10.269345794392525,9.470930232558139,1.084301704503078,8.869942196531792,7.8978159126365055,1.123087989723828,128,40,9.2658940397351
ReduceIndexed,1000,list,8.599823321554771,9.633222591362125,9.502306425041185,1.013777304210685,8.235179153094462,8.210912052117264,1.0029554696023009,40,40,
ForEach,1000,list,9.425988700564972,10.129158878504674,2.569842878864673,3.941547929568215,8.889752650176678,2.3987394957983197,3.7060100380838135,216,88,
ForEachIndexed,1000,list,8.57719298245614,8.40193661971831,8.495121951219511,0.9890307246869099,8.218954248366012,8.186807817589576,1.003926613582814,128,128,
Concat,1000,list,1.2882,1.1466111977812445,1.1612961296129614,0.9873547052665963,1.0660833333333333,1.0645865834633386,1.0014059447049628,16080,16080,0.6099603984159366
Slice,1000,list,0.2720575489686254,0.26875333333333334,0.07567,3.551649707061363,0.26282851314052563,0.07005,3.752013035553542,312,200,0.06854
ToRecord,1000,list,20.83420074349442,19.66638655462185,13.143943661971832,1.4962318053386676,18.49013157894737,12.535962877030162,1.474967001763153,73296,22256,6.603235747303544
ToRecordIndexed,1000,list,19.48668831168831,20.162717770034842,13.706862745098038,1.4709943584461442,19.55110410094637,13.681818181818182,1.4289843528930903,73208,22232,
Filter,1000,iterator,8.859154929577464,8.771306209850106,6.046833930704898,1.4505617833012998,8.491764705882353,6.083765501691094,1.3958073669213438,3992,3872,5.914084507042253
FilterIndexed,1000,iterator,8.23031746031746,9.207705192629815,6.919815059445178,1.330628797667329,7.8730275229357805,6.299386503067485,1.2498086153472265,3904,3960,10.556048387096775
Map,1000,iterator,15.689766081871344,18.782018927444796,7.303114186851212,2.571782180437575,15.167272727272726,5.728571428571429,2.6476535932895033,8728,8608,6.772136953955136
MapIndexed,1000,iterator,14.551008645533141,15.760439560439561,15.79881305637982,0.9975711152601578,14.39862258953168,13.795977011494253,1.0436827038444125,8640,8624,14.995323741007194
Reduce,1000,iterator,7.609606299212599,8.043260188087775,6.878933333333333,1.169259796299006,7.376339285714285,6.369077306733167,1.1581488071931982,144,56,6.726826029216467
ReduceIndexed,1000,iterator,6.878854625550661,7.225662482566248,7.28468834688347,0.9918972697929522,6.6574636723910166,6.638069705093834,1.0029216275451733,56,56,
ForEach,1000,iterator,7.707762557077626,8.411060606060607,4.603445447087777,1.8271229023429822,8.576271186440678,4.10968,2.0868464664987734,232,144,
ForEachIndexed,1000,iterator,6.858840169731258,7.067787114845938,7.101109570041609,0.9953074297943166,6.676726726726726,6.6737051792828685,1.000452754109252,144,144,
Concat,1000,iterator,19.081481481481482,19.096254681647938,7.257997399219765,2.631063863938665,17.843686006825937,6.6513715710723185,2.682707741728105,16792,12664,7.237870619946092
Slice,1000,iterator,14.126436781609195,14.443131868131868,1.2902710919685836,11.19387387505969,13.772144846796657,1.1943110897743638,11.531455216913853,928,424,1.2478179696616103
ToRecord,1000,iterator,19.672246696035245,19.530434782608694,18.74479495268139,1.0419124259246657,17.10836653386454,16.58295081967213,1.0316840904797906,73312,73304,16.067134831460674
ToRecordIndexed,1000,iterator,17.720858895705522,20.311986301369863,19.941414141414143,1.0185830431747627,16.944540229885057,16.194857142857142,1.046291429459047,73224,73224,
Filter,10000,array,78.1234375,85.25882352941177,23.341463414634145,3.65267687012109,75.28095238095237,20.02123552123552,3.760055282357856,30376,30216,22.65142857142857
FilterIndexed,10000,array,74.55217391304349,82.98,43.62824427480916,1.9019788987454727,70.03142857142856,37.65114503816794,1.8600079360252098,30288,30312,62.965591397849465
Map,10000,array,108.16382978723404,115.5625,20.252296819787986,5.706142914471159,101.61923076923077,17.938636363636366,5.6648247229775155,106392,40072,20.18205128205128
MapIndexed,10000,array,102.95098039215686,103.40196078431373,98.9890909090909,1.044579355509745,96.91041666666666,89.89183673469387,1.0780780567726898,106304,106288,96.3490909090909
Reduce,10000,array,42.50086206896552,43.83884297520661,33.39545454545454,1.312718858655976,41.721008403361346,31.946875,1.3059495929840195,120,32,32.96410256410256
ReduceIndexed,10000,array,35.9645390070922,36.21086956521739,36.46573426573427,0.9930108441349454,34.68150684931507,34.705479452054796,0.999309255970002,32,32,
ForEach,10000,array,43.11196581196582,43.13666666666666,25.071497584541063,1.7205460711395428,41.54655172413793,23.890196078431373,1.7390628183938233,208,88,
ForEachIndexed,10000,array,36.37109375,35.4972027972028,36.390209790209795,0.9754602405934125,34.70068965517242,34.71095890410959,0.999704149661623,120,120,
Concat,10000,array,8.94798927613941,8.401699029126213,8.846912114014252,0.9496758779616694,7.562694877505568,7.63982398239824,0.9899043348288686,160048,160048,5.0474789915966385
Slice,10000,array,0.18316266666666667,0.18556666666666666,0.11703,1.5856333133954257,0.16961600000000002,0.10096000000000001,1.6800316957210777,312,200,0.09297000000000001
ToRecord,10000,array,223.65882352941176,250.365,139.76250000000002,1.7913603434397638,209.89736842105265,118.16129032258064,1.776363205310574,673442,202248,125.41694915254237
ToRecordIndexed,10000,array,180.70999999999998,221.8,124.06521739130434,1.7877694059926408,191.83695652173913,108.83999999999999,1.7625593212214181,673229.4,202224,
ReduceIndexedTypedArray,10000,array,,36.17972027972028,13.564473684210526,2.6672409945278313,34.6486301369863,13.040721649484537,2.656956498903254,32,0,
ForEachIndexedTypedArray,10000,array,,35.85874125874126,24.137735849056604,1.485588436420923,34.69657534246575,23.51064814814815,1.4757813193337537,120,88,
FilterAsync,10000,array,89.69772727272726,83.20357142857142,35.08680555555556,2.3713635399731388,81.02758620689656,30.020779220779218,2.6990500683210916,,,
ConcatAsync,10000,array,19.16,13.425,13.5105,0.9936715887642945,12.3815,13.4565,0.9201129565637425,,,
ForEachAsync,10000,array,66.15604395604396,56.178125,38.03426573426573,1.4770398196326464,50.87604166666667,30.041772151898737,1.6935100036517368,,,
FilterParallel,10000,array,68.916,52.371532846715326,51.81612903225806,1.0107187438511953,41.31333333333333,41.17596899224806,1.0033360317789033,,,
FilterParallelCpu,10000,array,428.7,409.01666666666665,410.23333333333335,0.9970342081742097,401.85833333333335,404.09999999999997,0.994452693227749,,,
FilterParallelAsync,10000,array,80.02428571428571,60.35087719298246,61.70084033613445,0.9781208305138529,53.160000000000004,53.66306306306306,0.9906255246281437,,,
ForEachParallel,10000,array,541.4666666666667,512.7625,532.7222222222222,0.9625325894253834,528.675,543.4222222222222,0.9728623129140426,,,
ToDictionaryParallel,10000,array,946.225,835.4100000000001,670.58,1.245802141429807,726.175,401.65263157894736,1.8079677385538695,,,
Filter,10000,list,97.88260869565218,100.32115384615385,21.78046875,4.60601445256562,95.77884615384616,20.675471698113206,4.632486627262135,30384,30240,21.32101167315175
FilterIndexed,10000,list,91.69245283018867,92.39787234042552,53.6804347826087,1.7212578980519069,90.80181818181819,52.85544554455445,1.7179274007874341,30296,30312,106.84651162790696
Map,10000,list,161.9741935483871,158.625,16.04621848739496,9.885506677140611,155.78181818181818,15.136756756756757,10.29162459866313,106400,40096,15.4061797752809
MapIndexed,10000,list,158.73636363636365,155.85454545454544,152.25428571428571,1.0236463605826889,149.8875,140.66190476190476,1.0655870205491045,106312,106296,149.84857142857143
Reduce,10000,list,92.02181818181818,90.74727272727273,80.67258064516129,1.124883721352922,87.99122807017544,78.40166666666667,1.1223132340321265,128,40,80.29333333333334
ReduceIndexed,10000,list,84.64237288135593,84.49666666666667,84.72833333333332,0.9972657709935678,82.0327868852459,82.1467741935484,0.9986123945897872,40,40,
ForEach,10000,list,90.64,91.43888888888888,24.212135922330095,3.7765725907955794,88.20350877192983,23.66495327102804,3.727178657898028,216,88,
ForEachIndexed,10000,list,86.74464285714285,86.36842105263158,85.9864406779661,1.0044423326707528,81.58196721311475,81.69672131147541,0.9985953647035215,128,128,
Concat,10000,list,8.573651191969887,10.027873183619551,9.886070959264126,1.0143436381288102,9.117777777777778,8.405594405594405,1.0847273063412832,160080,160080,4.796113689095128
Slice,10000,list,0.27346160513087187,0.27504400117336464,0.07660499999999999,3.590418395318382,0.26150246009840394,0.07845,3.333364692140267,312,200,0.07145
ToRecord,10000,list,276.9269230769231,283.256,174.63513513513513,1.6219874642110963,244.48620689655175,173.11304347826086,1.4122922339312565,673398.08,202256,113.70833333333333
ToRecordIndexed,10000,list,267.5566666666667,274.59999999999997,191.9102564102564,1.4308771461019438,250.6578947368421,152.00465116279068,1.6490146375086765,673284.6896551724,202232,
Filter,10000,iterator,86.28103448275863,86.60166666666667,56.1032967032967,1.543611013175592,83.05000000000001,54.65531914893617,1.5195227343506696,30400,30280,56.355555555555554
FilterIndexed,10000,iterator,79.87878787878788,78.86923076923077,61.16309523809524,1.2894905083238384,75.81587301587301,60.006410256410255,1.263462898245507,30312,30368,95.67222222222223
Map,10000,iterator,156.32258064516128,153.9969696969697,59.80813953488372,2.5748496926099724,146.97058823529412,55.94838709677419,2.626895892120686,106416,106296,60.517582417582425
MapIndexed,10000,iterator,146.61142857142855,149.18055555555554,142.39210526315787,1.0476743445842858,140.61621621621623,135.65,1.0366105139418815,106328,106312,138.43421052631578
Reduce,10000,iterator,75.14615384615385,75.5265625,66.20131578947368,1.1408619541669152,72.93088235294118,63.15875,1.1547233337097582,144,56,65.7486842105263
ReduceIndexed,10000,iterator,68.51643835616439,69.22857142857143,69.44722222222222,0.9968515545092482,65.85263157894737,66.05263157894737,0.9969721115537848,56,56,
ForEach,10000,iterator,75.75757575757575,76.60333333333332,42.4890756302521,1.8028947958282238,84.74237288135593,40.673228346456696,2.083492664007783,232,144,
ForEachIndexed,10000,iterator,69.05211267605634,68.20533333333333,69.20533333333333,0.9855502466091245,66.03157894736842,66.576,0.991822562896065,144,144,
Concat,10000,iterator,182.6142857142857,189.0142857142857,68.91084337349398,2.7428816200933133,174.4851851851852,64.6075,2.700695510353832,211920,146352,66.09879518072289
Slice,10000,iterator,135.76388888888889,136.13888888888889,10.953610503282276,12.428677178916901,131.87297297297297,10.638362068965517,12.395984656103776,928,424,10.704956896551725
ToRecord,10000,iterator,257.50689655172414,255.20344827586206,238.17307692307693,1.0715041833140757,233.8764705882353,255.0909090909091,0.9168357720850279,673387.0344827586,673397.8461538461,221.4294117647059
ToRecordIndexed,10000,iterator,249.61290322580646,251.5157894736842,234.84666666666666,1.0709787498524606,228.659375,224.455,1.018731482925308,673394.947368421,673294.1333333333,
SortCollection,32,sorted,1.3908179254152304,1.3475506013493694,0.227665,5.919006440820369,1.3155822854018588,0.21985,5.983999478743957,152,304,
SortCollectionParallel,32,sorted,3.2415,2.131,0.235,9.068085106382979,1.806,0.2275,7.938461538461539,,,
SortCollection,32,shuffled,0.5304998299897994,0.5293134025842412,0.3281,1.6132685235728168,0.5323812762099059,0.3125165006600264,1.7035301338826305,152,304,
SortCollectionParallel,32,shuffled,2.0385,2.655,0.327,8.119266055045872,2.3955,0.327,7.325688073394495,,,
SortCollection,32,duplicates,0.5485779431177247,0.5644792020854584,0.3347653906156246,1.6861934295161045,0.5360194945030036,0.3203168126725069,1.6734041839103584,152,304,
SortCollectionParallel,32,duplicates,2.516,2.2795,0.32899999999999996,6.92857142857143,1.585,0.3325,4.7669172932330826,,,
SortCollection,1000,sorted,987.8399999999999,988.54,6.060454002389487,163.11319244568858,958.64,5.771541950113379,166.09772713878792,4024,8048,
SortCollectionParallel,1000,sorted,992.5,1003.9399999999999,6.1435,163.41499145438266,972.5,5.6425,172.35268054940187,,,
SortCollection,1000,shuffled,39.09069767441861,42.55225225225225,11.686305732484076,3.6412064878613455,39.939316239316234,10.151666666666666,3.9342619838433333,4024,8048,
SortCollectionParallel,1000,shuffled,43.31,36.564864864864866,11.684049079754601,3.1294686127450633,33.46013513513514,10.515337423312884,3.1820315210192693,,,
SortCollection,1000,duplicates,136.85000000000002,137.04444444444445,8.020386904761905,17.08701164566983,132.02162162162162,7.603314121037464,17.363694241743023,4024,8048,
SortCollectionParallel,1000,duplicates,123.87179487179488,122.37,7.8135,15.661355346515647,123.1825,7.32,16.82821038251366,,,
SortCollection,5000,sorted,24656,24491,37.18846153846154,658.5644844347916,23885.7,37.06859504132232,644.3648585378904,20024,40048,
SortCollectionParallel,5000,sorted,24750.5,24706.7,43.35443037974684,569.8771678832117,24197.5,41.608333333333334,581.5541758461846,,,
SortCollection,5000,shuffled,313.05333333333334,316.24666666666667,184.708,1.7121438522785515,310.7125,183.45555555555555,1.693666343649688,20024,40048,
SortCollectionParallel,5000,shuffled,270.5736842105263,273.40588235294115,139.671875,1.9574870198666778,270.6111111111111,133.73529411764707,2.0234831268479825,,,
SortCollection,5000,duplicates,3144.6,3090.7,51.06515151515152,60.52464172328872,3107,55.731428571428566,55.749512970368094,20024,40048,
SortCollectionParallel,5000,duplicates,2774.9,2788.9,53.108108108108105,52.513638676844785,2777,55.13709677419355,50.36536492613719,,,
